Catagory,Technology,Developer Experience Required,Complexity of Project,Project Scale,Performance of Technology,Community Support,Scalability,Security Features,Cost,Integration Capabilities,Documentation Quality,Learning Curve,Community Adoption,Performance Scaling,Vendor Lock-in,Ecosystem Support,Long-term Support
Frontend,HTML/CSS,Low,Low,Small to Large,Moderate,High,High,Low,Free,Moderate,High,Low,High,Moderate,Low,Moderate,High
Frontend,JavaScript,Moderate,Moderate,Small to Large,Moderate,High,High,Moderate,Free,High,High,Moderate,High,High,Low,High,High
Frontend,React,Moderate to High,High,Medium to Large,High,High,High,High,Free,High,High,High,High,High,Low,High,High
Frontend,Vue.js,Moderate to High,Moderate to High,Small to Large,High,High,High,High,Free,High,High,Moderate,High,High,Low,High,High
Frontend,Angular,High,High,Large,High,High,High,High,Free,High,High,High,High,High,Low,High,High
Backend,Node.js,Moderate,Moderate,Small to Large,High,High,High,High,Free,High,High,Moderate,High,High,Low,High,High
Backend,Django,Moderate,High,Small to Large,High,High,High,High,Free,High,High,Moderate,High,High,Low,High,High
Backend,Flask,Low to Moderate,Low to Moderate,Small to Medium,Moderate,High,Moderate,Moderate,Free,High,High,Low,High,Moderate,Low,High,High
Backend,Ruby on Rails,Moderate,High,Small to Large,High,High,High,High,Free,High,High,Moderate,High,High,Low,High,High
Backend,ASP.NET Core,Moderate to High,High,Medium to Large,High,High,High,High,Free,High,High,Moderate,High,High,Low,High,High
Middleware,Express.js,Moderate,Moderate,Small to Large,High,High,High,High,Free,High,High,Moderate,High,High,Low,High,High
Middleware,Spring Boot,Moderate,High,Medium to Large,High,High,High,High,Free,High,High,Moderate,High,High,Low,High,High
Middleware,Flask,Low to Moderate,Low to Moderate,Small to Medium,Moderate,High,Moderate,Moderate,Free,High,High,Low,High,Moderate,Low,High,High
Middleware,Django REST Framework,Moderate,High,Small to Large,High,High,High,High,Free,High,High,Moderate,High,High,Low,High,High
Middleware,GraphQL,Moderate,High,Small to Large,High,High,High,High,Free,High,High,Moderate,High,High,Low,High,High
Database,MySQL,Moderate,Moderate,Small to Large,High,High,High,High,Free,High,High,Moderate,High,High,Low,High,High
Database,PostgreSQL,Moderate,High,Small to Large,High,High,High,High,Free,High,High,Moderate,High,High,Low,High,High
Database,MongoDB,Moderate,Moderate to High,Small to Large,Moderate to High,High,High,High,Free,High,High,Moderate,High,High,Low,High,High
Database,SQLite,Low to Moderate,Low to Moderate,Small,Moderate,High,Moderate,Moderate,Free,High,High,Low,High,Moderate,Low,High,High
Database,Redis,Moderate,Moderate,Small to Large,High,High,High,High,Free,High,High,Moderate,High,High,Low,High,High
Cybersecurity,OpenSSL,High,High,Medium to Large,High,High,High,High,Free,High,High,High,High,High,Low,High,High
Cybersecurity,OWASP Top 10,High,High,Large,High,High,High,High,Free,High,High,High,High,High,Low,High,High
Cybersecurity,Nmap,High,High,Large,High,High,High,High,Free,High,High,High,High,High,Low,High,High
Cybersecurity,Snort,High,High,Large,High,High,High,High,Free,High,High,High,High,High,Low,High,High
Cybersecurity,Wireshark,High,High,Large,High,High,High,High,Free,High,High,High,High,High,Low,High,High